<?xml version="1.0" encoding="UTF-8"?>
<addon id="plugin.video.persian-content"
       version="1.0.2"
       name="Persian Channels"
       provider-name="Mike Dirin">
    <requires>
        <import addon="script.module.codequick" version="1.0.2"/>
        <import addon="xbmc.python" version="3.0.0"/>
    </requires>
    <extension point="xbmc.python.pluginsource" library="addon.py">
        <provides>video</provides>
    </extension>
    <extension point="xbmc.addon.metadata">
        <summary lang="en">Persian channels</summary>
        <description lang="en_GB">This looks for persian channel</description>
        <disclaimer lang="en_GB">This also scans the persian content.</disclaimer>
        <assets>
            <icon>icon.png</icon>
            <fanart>fanart.jpg</fanart>
            <screenshot>resources\screenshot-01.jpg</screenshot>
            <screenshot>resources\screenshot-02.jpg</screenshot>
            <screenshot>resources\screenshot-03.jpg</screenshot>
        </assets>
        <news>Updated with latest artwork metadata</news>
    </extension>
</addon>
